{"schemaVersion":"1.0","appDefinitionTemplate":{"id":"/providers/Microsoft.PowerApps/apps/","type":"Microsoft.PowerApps/apps","tags":{"primaryDeviceWidth":"640","primaryDeviceHeight":"1136","supportsPortrait":"true","supportsLandscape":"true","primaryFormFactor":"Phone","publisherVersion":"3.22043.14","minimumRequiredApiVersion":"2.2.0","hasComponent":"false","hasUnlockedComponent":"false","isUnifiedRootApp":"false","sienaVersion":"20220428T190153Z-3.22043.14.0"},"properties":{"appVersion":"2022-04-28T19:01:53Z","lifeCycleId":"Published","createdByClientVersion":{"major":3,"minor":22043,"build":14,"revision":0,"majorRevision":0,"minorRevision":0},"minClientVersion":{"major":3,"minor":22043,"build":14,"revision":0,"majorRevision":0,"minorRevision":0},"backgroundColor":"RGBA(0,176,240,1)","backgroundImageUri":"/4733075487585403859/N62d70b81-dce8-477b-acb7-7024184f374a-logoSmallFile","displayName":"Dependent Dropdown","description":"","commitMessage":"","appUris":{"documentUri":{"value":"/4733075487585403859/N7b0c524e-2e1e-4fde-a1f2-3db180c7010c-document.msapp"},"imageUris":[]},"createdTime":"0001-01-01T00:00:00Z","lastModifiedTime":"0001-01-01T00:00:00Z","sharedGroupsCount":0,"sharedUsersCount":0,"icons":{"smallIconUri":"/4733075487585403859/Ne39438c9-120a-4bc8-bb8e-0e5718420f69-small.png","mediumIconUri":"/4733075487585403859/Na3a6af8a-c3c4-47f2-88dc-bf7f221b7064-medium.png","largeIconUri":"/4733075487585403859/N48951d49-508f-4ae3-a77e-846735ee6dda-large.png","wideIconUri":"/4733075487585403859/Nd88386e1-3e5a-4a1b-be16-322ce5d7b9a8-wide.png"},"connectionReferences":{"f4f1307d-0538-4a1b-b1ed-e865e633d14f":{"id":"70a6a961-be4e-49cb-a503-8074d733f208","displayName":"SharePoint","iconUri":"https://connectoricons-prod.azureedge.net/releases/v1.0.1568/1.0.1568.2757/sharepointonline/icon.png","dataSources":["Travel"],"dependencies":[],"dependents":[],"parameterHints":{},"parameterHintsV2":{},"isOnPremiseConnection":false,"dataSets":{"https://mt21.sharepoint.com/sites/Trackers":{"dataSources":{"Travel":{"tableName":"af669f56-ca21-4ab2-968a-86320d2651bd"}}}},"apiTier":"Standard","isCustomApiConnection":false,"actions":["providers/PowerPlatform.Governance/Operations/Read"]}},"databaseReferences":{},"almMode":"Environment","performanceOptimizationEnabled":true,"canConsumeAppPass":true,"executionRestrictions":{"isTeamsOnly":false,"dataLossPreventionEvaluationResult":{"status":"Compliant","lastEvaluationDate":"2022-04-28T19:02:09.5047356Z","violations":[],"violationsByPolicy":[],"violationErrorMessage":"The app uses the following connectors: shared_sharepointonline."}}},"appType":"ClassicCanvasApp","appComponents":[]}}